count,text
263,"This weekend, @joshgroban performed at @EMPACnews  with our students to raise money for Rensselaer student scholars‚Ä¶ https://t.co/t7b5Btdxq2"
70,"Happy birthday, #RPI! https://t.co/94l0c3d84c"
41,Nothing better than football under the lights on a beautiful fall evening! https://t.co/DG6RN8QVts
40,"Ikea will use mushroom packaging developed by Ecovative, a company created by Rensselaer graduates Eben Bayer ‚Äô07 a‚Ä¶ https://t.co/A2xHViM1tB"
36,We wish everyone a happy holiday season and a great year ahead! https://t.co/LrGZYlJglK
29,"At #RPI, we‚Äôre reflecting on everything that makes our community so special. Happy Holidays! @RPIScience @RPI_HASS‚Ä¶ https://t.co/uhl0qCW25C"
28,"AiMOS, the most powerful supercomputer housed at a private university, was unveiled this afternoon as the latest ad‚Ä¶ https://t.co/setfpjjizN"
24,Did you know? A Mars Rover prototype developed by #RPI students and faculty in the 1960s went on to be featured on‚Ä¶ https://t.co/VwehCo54Mv
24,A new degree program in biological neuroscience is coming to #RPI this spring. https://t.co/JSeJGFiupg https://t.co/3Ta2rNrkmK
23,"Rensselaer researchers recently developed a way to 3D print living skin with blood vessels, a significant step towa‚Ä¶ https://t.co/kL142G3xap"
23,Happy 70th birthday to the Houston Field House! https://t.co/pjoG5uV1uJ
22,"Today, we‚Äôre giving thanks for our community and the students, faculty, staff, and alumni who make it so special. H‚Ä¶ https://t.co/W093W9c6Us"
21,The #RPI community is celebrating President Shirley Ann Jackson‚Äôs 20 years of leadership. #leadership #STEM https://t.co/jE5RJn6Ev2
20,"President Jackson: We are celebrating a milestone, the 50th anniversary of the landing of humans on the moon, on Ju‚Ä¶ https://t.co/cgXQuvqU5J"
20,"A team of #rpi researchers is working to better understand how #cancer cells respond to treatment. @RPIEng 
https://t.co/CoEbRm5quj"
20,A mural unveiled today in Troy underscores the strong connection between the city and #RPI. It depicts several figu‚Ä¶ https://t.co/eWVxrJ1DI5
18,Rensselaer listed among the best employers in New York state on the inaugural Forbes list of America‚Äôs Best-in-Stat‚Ä¶ https://t.co/BE7LSmQao0
17,"Way to go, RPI football players, for giving back to the community! https://t.co/XO6CEu3wXh"
17,Two #RPI researchers have been named fellows of the American Association for the Advancement of Science. https://t.co/zc2Vrcpr7o
15,The online master‚Äôs degree in mechanical engineering at #RPI was recently ranked among the best in the country by‚Ä¶ https://t.co/ItI3nh7oks
15,"Students and faculty from #RPI, @ualbany and @AlbanyLaw have collaborated on a pop-up exhibit that pays tribute to‚Ä¶ https://t.co/WEhkO6Z5hI"
15,Researchers at #RPI are using data from popular video game League of Legends to study teamwork.‚Ä¶ https://t.co/PqNT76PGHK
15,Professor James Hendler and Sharone Horowit-Hendler discuss gender stereotyping in artificial intelligence and what‚Ä¶ https://t.co/AYAdHs9fNK
15,"Congratulations to #RPI Professor X. George Xu, who has been selected to receive an award for lifetime achievement‚Ä¶ https://t.co/YiSClA5mHk"
15,Congrats to all the #RPI students who were named winners of this fall‚Äôs Change the World Challenge.‚Ä¶ https://t.co/fxGsn8bar9
15,"#RPI faculty, students, and alumni continue to build upon the Institute‚Äôs legacy of space exploration.‚Ä¶ https://t.co/FyZLO0TWht"
14,Rensselaer is welcoming 15 new professors to the faculty. President Jackson greeted returning and incoming faculty‚Ä¶ https://t.co/IsnKI0Bxe1
14,"Congratulations to President Jackson and thank you to all the faculty, staff, students, alumni, alumnae, and specia‚Ä¶ https://t.co/Ejj18kxGSI"
14,"Congratulations to Dr. Ricaurte V√°squez Morales, M.S. ‚Äô77, Ph.D. ‚Äò79, 
who was recently sworn in as the new adminis‚Ä¶ https://t.co/arxcpgnKLV"
14,Congrats to the #RPI students who were recently named University Innovation Fellows by Stanford University‚Äôs Hasso‚Ä¶ https://t.co/KZRmpUiGH1
13,"With The Arch, a new and innovative approach to education, Rensselaer students put their knowledge into action outs‚Ä¶ https://t.co/GhwxOYfXaJ"
13,"Here‚Äôs everything you need to know about AiMOS, the new supercomputer at #RPI and one of the most powerful supercom‚Ä¶ https://t.co/4KrIKv1dEy"
13,America needs more young people involved in #STEM subjects to maintain its position as a global leader. Don‚Äôt overl‚Ä¶ https://t.co/TzNIJmyN76
13,A new technique developed by #RPI researchers to 3D print living skin with blood vessels has been featured by‚Ä¶ https://t.co/diLr2H5UMt
13,#RPI Professor Humberto Terrones is among the world‚Äôs most highly cited researchers in 2019. https://t.co/LF3EF8TtIZ
12,"Today Charles Taylor ‚Äô87, ‚Äô91, ‚Äô92 was awarded the #RPI Davies Medal for Engineering Achievement for his innovative‚Ä¶ https://t.co/MNtYUIk1Ui"
12,"In honor of Manufacturing Day at #RPI, learn more about how our researchers are leading the way in the acceleration‚Ä¶ https://t.co/PgW83hTabf"
12,"#RPI researchers have found a way to detect #Denguevirus in the bloodstream, a development that could be modified t‚Ä¶ https://t.co/lUmTXZbqoh"
12,#RPI researchers are working with @NASA to develop a robot that could capture and refuel satellites in space.‚Ä¶ https://t.co/TyWmreIc5q
11,"Today, we‚Äôre celebrating some of our faculty‚Äôs recent achievements. Congrats to all! Read more:‚Ä¶ https://t.co/MO0SFEbBv1"
11,"The fall alumni magazine is now online! In this issue, we celebrate transformative leadership and share the stories‚Ä¶ https://t.co/uWb6c3Itrn"
10,"With this year‚Äôs announcement that two of our graduates have been promoted to rear admiral, we‚Äôre looking back at o‚Ä¶ https://t.co/46BthTk6vd"
10,"This fall, we launched a reimagined alumni magazine, both in print and online. As we continue to evolve our magazin‚Ä¶ https://t.co/miefoWP1kY"
10,"Thanks, @PETA, for recognizing our dining hall menu options! https://t.co/l2WsfFPQiJ"
10,"Dr. Jackson: George Low was asked to oversee the redesign and testing of the Apollo spacecraft...clearly, he was successful! #apollo50"
10,Check out S1 E6 of Why Not Change the World? The #RPI Podcast to hear why 2 RPI engineers believe engineering can c‚Ä¶ https://t.co/GLH6uCHQc4
10,@RPILally has been named a top business school for 2020 by The Princeton Review. https://t.co/6TefuKSmok
10,"#RPI will hold the annual Hudson Valley FIRST LEGO League Qualifying Tournament this Saturday, where local students‚Ä¶ https://t.co/4fBPlogMxU"
10,#RPI engineer Shanbin Shi was recently awarded a NASA grant to provide insight on how to best design propellant sto‚Ä¶ https://t.co/7fN7WwoXek
10,#RPI alumni are leading a radical and rapid transformation taking place in the #transportation industry.‚Ä¶ https://t.co/tTHHCTURg9
9,The season kickoff of the 2020 FIRST Robotics Competition will take place this Saturday at #RPI.‚Ä¶ https://t.co/sDbWJMu4Xn
9,"The @NEAarts has awarded a $25,000 grant to #RPI to create art projects at the Curtis R. Priem Experimental Media a‚Ä¶ https://t.co/dtNdix4ym8"
9,S1E2 of Why Not Change the World? The #RPI Podcast features a health-care data expert and a biomedical engineer dis‚Ä¶ https://t.co/B2Sup1922p
9,"President Jackson: It has been a privilege and a signal honor to serve as president of #RPI‚Ä¶and I anticipate many,‚Ä¶ https://t.co/nJdIV8spPA"
9,"Last week, the Severino Center for Technological Entrepreneurship at #RPI held its Eship.1 Problem Pitch Competitio‚Ä¶ https://t.co/Fck3bDiGU6"
9,Congrats to #RPI Professor Tong Zhang who has been elevated to IEEE Fellow by the Institute of Electrical and Elect‚Ä¶ https://t.co/AMXJWwBscf
9,Congrats to #RPI Assistant Professor Sufei Shi who recently received an @NSF CAREER award. https://t.co/0uSDdgG6Y7 https://t.co/fnltn2HOaa
9,An installation created by students and faculty from the School of Architecture at #RPI focuses on promoting the wa‚Ä¶ https://t.co/JQMeuc0g7a
9,A team from #RPI has developed a new imaging technique that could improve cancer care. https://t.co/AZtDo0O8NS https://t.co/4GFs1D2XuJ
9,#RPI student Maya Navabi ‚Äô20 shares some simple actions to take to minimize your environmental impact during the ho‚Ä¶ https://t.co/kOdDOCVLIC
8,"‚ÄúThen we see, my goodness, it is everywhere, and it is a growing problem,‚Äù said Rick Relyea, a biological scientist‚Ä¶ https://t.co/XQqrei0X5A"
8,"With the promotion of two alumni to rear admiral this year, more than 80 @USNavy flag officers are #RPI graduates.‚Ä¶ https://t.co/yF5jMwS96d"
8,Tonight we‚Äôre celebrating President Shirley Ann Jackson‚Äôs 20 years of leadership at #RPI. Stay tuned for remarks fr‚Ä¶ https://t.co/l3oAsCKYRS
8,Celebrate #Apollo50 at the upcoming #RPI Presidential Fireside Chat on 9/26 at 4:30 p.m. featuring special guests M‚Ä¶ https://t.co/fUPvD4tVER
8,"""I think it was everything,"" said Low on his father‚Äôs #RPI education. ""He attributes everything he learned and ever‚Ä¶ https://t.co/JNjWtspz81"
7,The fall magazine‚Äôs ‚ÄúSnapshot‚Äù features a Martian Roving Vehicle prototype developed by #RPI students and faculty i‚Ä¶ https://t.co/1haH5jhknB
7,The Engineering Innovation for Society competition gives students the opportunity to design and develop a prototype‚Ä¶ https://t.co/P441D6Wynm
7,"Save the date! The 2019 President‚Äôs Holiday Concert at #RPI will take place Sunday, 12/15, at 3 p.m. in @EMPACnews‚Ä¶ https://t.co/zG6WgXIxbo"
7,S1 of Why Not Change the World? The #RPI Podcast is now available! Tune in for #interdisciplinary conversations abo‚Ä¶ https://t.co/YpPZrCrB2A
7,"Rensselaer To Host Yearlong Climate Change Speaker Series 

‚ÄúEngineering the Anthropocene,‚Äù a yearlong public speak‚Ä¶ https://t.co/0q2yJAQjKp"
7,Registration is now open for the Engineering Innovation for Society student design competition at #RPI.‚Ä¶ https://t.co/TDogt3imlO
7,"On S1 E1 of Why Not Change the World? The #RPI Podcast, an #AI expert and a musician consider how humans could and‚Ä¶ https://t.co/mqsgFEgjjs"
7,Low on his father's education at #RPI: Knowledge and Thoroughness‚Äîpay attention to detail and ask the right questio‚Ä¶ https://t.co/dsJwdsQsoY
7,"For our community, 2019 was filled with numerous anniversaries, discoveries, and academic innovations. Check out so‚Ä¶ https://t.co/z9IuvUXQ9a"
7,"Carlos V√°zquez ‚Äô80, chief financial officer of @popular, the holding company of Puerto Rico‚Äôs largest bank, discuss‚Ä¶ https://t.co/7l8gIS9mNi"
6,"The Arch, a new and innovative approach to education, takes experiential learning to new heights.‚Ä¶ https://t.co/P9euffT4Dp"
6,Research conducted in the Lighting Research Center at #RPI has found that light intervention improves several sympt‚Ä¶ https://t.co/RcAHZG4p9C
6,Miss the #RPI President‚Äôs Holiday Concert this year? The full performance is now available online:‚Ä¶ https://t.co/tltMpCWTRo
6,"Mariana Figueiro, director of the @LRCupdates at #RPI, recently spoke with Jeremy Hobson of @hereandnow about how l‚Ä¶ https://t.co/joy3Lb87lL"
6,Great report by @SPECNewsAlbany's @TerryStackhouse! #cancer #research #imaging https://t.co/JDQkoquH4G
6,Dr. Jackson: The 2016 movie 'Hidden Figures' painted a picture of segregation &amp; discrimination at @NASA in the earl‚Ä¶ https://t.co/b14kXVBNNQ
6,"As the nation celebrates #Apollo50, we look at the role #RPI has played and continues to play in #space research an‚Ä¶ https://t.co/tc5XcZmMj7"
6,A team of #RPI researchers is working to improve the evaporation and condensation processes that are relied on for‚Ä¶ https://t.co/mMMnmfkFhF
6,A new media studio at Rensselaer has been featured on the cover of this month‚Äôs issue of Mix Magazine.‚Ä¶ https://t.co/iH1ANMePuz
5,"‚ÄúExcellence is the mantra and the metric in all that we do,‚Äù said President Shirley Ann Jackson 20 years ago as she‚Ä¶ https://t.co/yJlif0u833"
5,Weather Update: The #RPI Troy and Hartford campuses will close at 3 p.m. today. Visit https://t.co/gDVY3sSo0W for more information!
5,The Rensselaer Augmented and Virtual Environment allows students to learn in environments that are normally difficu‚Ä¶ https://t.co/nyfDq7wAzT
5,"Join us for our annual President‚Äôs Holiday Concert 12/15 at 3 p.m. The performance, free and open to the public, wi‚Ä¶ https://t.co/TSQltEl6oN"
5,John Kelly ‚Äô78: The U.S. would not lead in supercomputing‚Ä¶ if it were not for the graduates of #RPI
5,"Great interview today on Science Friday, featuring @RPI's Wayne Gray. https://t.co/iiRcHM9Sud"
5,"Gino Gasbarro ‚Äô18: For me, all that I was exposed to through CLASS not only enriched my education, it opened up ama‚Ä¶ https://t.co/ux44hzQ9IS"
5,Four experts in artificial intelligence have joined #RPI as part of the Artificial Intelligence Research Collaborat‚Ä¶ https://t.co/5n0v4rcoo4
5,"Every Day Matters is a blog that shares the voices of #RPI students, faculty, staff, and alumni who are making a di‚Ä¶ https://t.co/nhClSkmGli"
5,"Congratulations to Interactive Learning International Corporation (@ilinc) founders Mark Bernstein ‚Äô94, Degerhan Us‚Ä¶ https://t.co/1yOUyMi1Ou"
5,Check out the first season of Why Not Change the World? The #RPI Podcast for interdisciplinary conversations about‚Ä¶ https://t.co/zBia5DUAXb
5,Alan Washington: The real reason why #1 mother is the perfect description for you is that along with all your achie‚Ä¶ https://t.co/XVcumWaGbC
5,"AiMOS, the newest supercomputer at #RPI, is among the most powerful in the world. https://t.co/QcWCD2hNKs https://t.co/shguEFXlnW"
5,A team of engineers at #RPI has developed a safer and more cost-efficient lithium-ion battery.‚Ä¶ https://t.co/GYrQYWNGbf
4,"On a special episode of Why Not Change the World? The #RPI Podcast, 2 prominent inventors look to the future and of‚Ä¶ https://t.co/OZPGYz7fdJ"
4,Jon Dordick: One of Dr. Jackson's first bold statements was that a great research university in the 21st century ca‚Ä¶ https://t.co/Ntfe8eFiuv
4,John Kelly ‚Äô78 on the partnership between #RPI and @IBM: We woke up the world to artificial intelligence. #AI
4,"Dear Ol‚Äô RPI: Mid-winter festivities with various names have come and gone over the years. In 2009, the Winter Carn‚Ä¶ https://t.co/mxpoYG1nYq"
4,Check out S1 E3 of Why Not Change the World? The #RPI Podcast to learn about the effects of #technology on humanity‚Ä¶ https://t.co/pIdrUYI0YF
4,Bolden: What makes @NASA so great today is that we learned how to communicate. I would put NASA up against company‚Ä¶ https://t.co/VET0VfCUTU
4,A study conducted by the @LRCupdates and the U.S. General Services Administration explores how light impacts alertn‚Ä¶ https://t.co/NZWK1rvqg7
4,"#WatchLive today at 4:30 p.m. EST: ‚ÄúApollo 11: Engineering the Giant Leap,‚Äù a #RPI Presidential Fireside Chat to ce‚Ä¶ https://t.co/s9h7VYoGoE"
4,#RPI researchers are working to find a special quasiparticle needed to advance #QuantumComputing and‚Ä¶ https://t.co/Qi2ByxSSFh
4,"#Congrats to Ge Wang, professor and director of the Biomedical Imaging Center at #RPI, who has been named a fellow‚Ä¶ https://t.co/uttCxbcYsr"
3,"Tom Capek ‚Äô86, presenting a sculpture Steuben glass to President Jackson: It embodies the essence of her brilliant,‚Ä¶ https://t.co/7ZQRML2mkK"
3,The #RPI community is encouraged to verify RPI Alert contact information. Read more: https://t.co/iNy6VF0moW https://t.co/SVH1HQn5sf
3,Rensselaer magazine is now online! Check out the latest issue and more at https://t.co/T63ZJw0IEJ. https://t.co/BlnXNsZEFR
3,Prabhat Hajela: Dr. Jackson repeatedly reminded us of a crucial truth ‚Äì that research potentiates good teaching and‚Ä¶ https://t.co/CzTF872D7f
3,"On S1 E4 of Why Not Change the World? The #RPI Podcast, an electrical engineer and an aerospace engineer discuss ho‚Ä¶ https://t.co/Y3hnEI47eG"
3,"New York Times bestselling author Ibram X. Kendi will speak at #RPI on Saturday, Feb. 1. The event is free and open‚Ä¶ https://t.co/5n2tSnxth4"
3,John Kelly ‚Äô78 quotes a letter from Lonnie Bunch of @smithsonian: That is how she has spent her career ‚Ä¶ lifting others as she rises.
3,"Dr. Jackson: Our first guest isn't a #RPI graduate, but he is a great friend to #RPI... please join me in welcoming‚Ä¶ https://t.co/twQQj1YcNW"
3,Dr. Jackson on George Low: I call him a ‚Äúhidden figure‚Äù as well.
3,Curtis Priem ‚Äô82: She foresaw that a platform like @EMPACnews was needed in order to resonate with the future gener‚Ä¶ https://t.co/mA9k6F1NI6
3,"Congratulations to Charles Taylor ‚Äô87, ‚Äô91, ‚Äô92, co-founder of @HeartFlow, who will be awarded the #RPI Davies Meda‚Ä¶ https://t.co/tuF5fvgqK0"
3,"Arthur Golden ‚Äô66: 20 years ago, she took the helm of the nation‚Äôs oldest technological university and announced th‚Ä¶ https://t.co/27aQYtIeF9"
3,"@Hevesh5 Congratulations, Lily!"
3,@DesertThunderSB Welcome to RPI!
3,#RPI alumni are leading companies that are completely transforming the field of transportation.‚Ä¶ https://t.co/ZmsRsmdI93
2,"Wanda Denson-Low ‚Äô78: Many institutions say they have interdisciplinary study but in many other institutions, research is siloed."
2,Tune in to S1 E5 of Why Not Change the World? The #RPI Podcast for an inspiring conversation about how human activi‚Ä¶ https://t.co/5zlJf4t8MX
2,Ralph Izzo: She has earned a reputation as a transformative figure at every stop along the way.
2,Naila Brown ‚Äô19: Gino and I recognize just how important these diverse and cross-disciplinary opportunities at #RPI continue to be for us.
2,Morris Washington: You were there for me between each line of pain and glory because you‚Äôre the best thing that ever happened to me.
2,"Mary Simoni: It was clear to me that if she put her mind to something, it was going to happen @RPI_HASS"
2,Low: What I learned here in technical communication was really seminal in many things I‚Äôve done since.
2,Low on the Apollo 1 fire: It was definitely a tragic shock to everybody. Everyone was involved in the program. Your‚Ä¶ https://t.co/tq67t1xb1I
2,Low on his father's #RPI presidency: For him he was coming home... this is where he went to school. He attended every hockey game!
2,John Bennett ‚Äô74: CDPHP saw the vision of #RPI and knew it was something we wanted to be part of @CDPHP
2,Data holds immense power when it comes to the health of current and future generations. https://t.co/WPOJ1b8hv9 https://t.co/8aiYysKFtu
2,Bolden on commercial space: Everybody has skin in the game; everybody doesn't win.
2,"@Hevesh5 Happy birthday, Lily!"
2,#RPI engineers developed a method to use data gathered by wearable technology to recommend ways to reduce jet lag a‚Ä¶ https://t.co/hSWzTxFk8A
1,‚ÄúYou take care of your people and they take care of you‚Äù is a legacy George Low left at NASA says Bolden.
1,Thanks to today's participants for a fascinating discussion! @NASA @ClevelandClinic #RPI
1,"Stay tuned, this is happening soon and we'll be sharing comments here. @RPIAlumni https://t.co/u52vBT8zvi"
1,Low: I grew up in a space environment. Everything around me had to do with getting man on the moon.
1,"Low about his brother, David: He was one of the most dedicated and hardworking guys I knew, next to my dad."
1,"John Kolb: If Aretha Franklin were still with us, the one word that would sum up our feelings is spelled RESPECT."
1,"Jennifer Brock: You encourage us to reach new heights, to push ourselves to perform at the highest levels, and to c‚Ä¶ https://t.co/xJnj5COja8"
1,Dr. Jackson: Was Congress right to discourage @NASA from working with China? Bolden: Absolutely wrong. Still wrong.
1,Dr. Jackson: Our guest and his family donated the papers and artifacts on display in the George M. Low Gallery...pl‚Ä¶ https://t.co/P0Z6Bei9Jx
1,Dr. Jackson to Low: I think I may indirectly owe my own presidency of Rensselaer to George Low. @NASA
1,"Dr. Jackson to Bolden: President Kennedy said, ‚ÄúI‚Äôm not that interested in space‚Äù ...  How did President Obama help‚Ä¶ https://t.co/bf7aVLbgOk"
1,Bolden: I think we're on the right road to Mars.
1,Bolden on the Challenger: We took the shuttle apart. We literally looked at every piece of it. We followed the same process as George Low.
1,A survey conducted by #RPI researchers shows that some online shoppers are open to new systems for package delivery‚Ä¶ https://t.co/jN5KB8f7SC
1,@mitchcieminski Congratulations!
1,@ecovative Congratulations!
1,@Tawheed That's amazing! Thanks for sharing.
0,RT @rpiLIBRARIES: Happy #ConstitutionDay ! Come in to both the Folsom and Architecture libraries to check out great materials related to th‚Ä¶
0,RT @mhsimoni: #RPI Professor Ben Chang discusses 14 Top Skills for Video Game Designers to Learn https://t.co/FBdAfuEbxM
0,RT @goHackRPI: We are less than 50 days from our event and REGISTRATION IS NOW OPEN! Come solve the biggest problems in tech  at @rpi‚Äôs 24-‚Ä¶
0,RT @csatrpi: The @goHackRPI annual 24-hour hackathon is only 1 month away! Register today at https://t.co/V6nWcuPaEM. Themes include natura‚Ä¶
0,"RT @csatrpi: PhD student Saswata Paul, Prof. Varela, &amp; Prof. Patterson's paper ""Conflict-Aware Flight Planning for Avoiding Near Mid-Air Co‚Ä¶"
0,RT @buckystanton: PLEASE attend RPI folk! Please RT @rpi !!! https://t.co/9VqW7kfbzL
0,"RT @SpinalCure: Researchers at @rpi develop new biomaterial that could offer targeted treatment to damaged spinal cord tissue, preventing f‚Ä¶"
0,RT @SRNICH0LS: Fascinating interview with @iraflatow on @scifri and the @RPI #research lead on decision making lessons from playing @Tetris‚Ä¶
0,"RT @RPInews: ‚ÄúTelework is here to stay,‚Äù says Timothy Golden of @RPI: https://t.co/vug7TJTND9"
0,"RT @RPInews: ‚ÄúIt is impossible to triple the amount,‚Äù said Jos√© Holgu√≠n-Veras, the center‚Äôs director and an engineering professor at @RPI,‚Ä¶"
0,"RT @RPInews: Wayne Gray, @rpi professor of cognitive science, spoke with 
@scifri today about his research on human expertise. #SciFriLive‚Ä¶"
0,"RT @RPInews: Wayne Gray, @rpi professor of cognitive science, speaks with @iraflatow on @scifri about how his research on Tetris may provid‚Ä¶"
0,"RT @RPInews: This Friday (10/18), two philanthropists will be on campus to share their bold vision for improving 2 billion lives - and how‚Ä¶"
0,"RT @RPInews: Researchers at @RPI have developed a way to #3Dprint living skin, complete with blood vessels. #science https://t.co/nDVRyCJTT‚Ä¶"
0,"RT @RPInews: New speakers announced for @RPI's interdisciplinary #engineering &amp; #ClimateChange series, which is free and open to the public‚Ä¶"
0,RT @RPInews: New Algorithms Shown to Accelerate #Biopharmaceutical Process: https://t.co/nHbIO9i3qP https://t.co/00nOPByh1m
0,"RT @RPInews: Like building with Legos, @RPI researchers stack and swamp nature's own defenses to kill dangerous bacteria w/ @RPIVPR  @RPIcb‚Ä¶"
0,RT @RPInews: Happening today on the @RPI campus: https://t.co/MwbuZyMsbh https://t.co/kUy857LkHz
0,RT @RPInews: Development of Real-Time Analysis of Power Grid Data Receives @NSF Support: https://t.co/KRbvHvr2kW https://t.co/hd0RgmS9r1
0,RT @RPInews: Congratulations @rpi @jahendler on being named to newly formed @TheOfficialACM Technology Policy Council https://t.co/0iQ6w2fS‚Ä¶
0,RT @RPInews: Big Data Technique Reveals Previously Unknown Capabilities of Common Materials: https://t.co/CsSqP4HVpI https://t.co/FHPlVVS5Xp
0,RT @RPInews: Bestselling Author Ibram X. Kendi to Speak at @RPI on February 1: https://t.co/0ek79gbQuP https://t.co/usZt7w2TBg
0,RT @RPInews: Baseball Facility at @RPI To Be Named In Honor of Longtime Coach Karl Steffen: https://t.co/iHIS8cdGz7 https://t.co/kavXj6v1tS
0,RT @RPInews: Award-Winning Journalist and Author Peter Nowak To Speak at @RPi on Sept. 23: https://t.co/MwbuZyMsbh https://t.co/9cekkZNcxr
0,RT @RPInews: A year-long public speaker series at @RPI will examine #climatechange &amp; the actions needed to address such a complex issue: ht‚Ä¶
0,"RT @RPInews: A new undergraduate degree in Communication, Media, and Design offered by @RPI will prepare students to navigate the complex c‚Ä¶"
0,"RT @RPInews: @RPI Kristen Mills is bringing a mechanical engineering approach to #cancer research @RPIcbis, studying how tumor cells sense‚Ä¶"
0,"RT @RPInews: ""New, innovative breast cancer research takes place at @RPI"" via @WTEN https://t.co/mKnX4zqjLF #BreastCancerAwareness"
0,"RT @RPInews: ""New undergraduate degree offered at @RPI"" via @troyrecord https://t.co/IQ5kud3IXx"
0,"RT @RPInews: ""Estimated percentage of New York City apartments that receive at least one package every day : 15"" - Data from @RPI's Jos√© Ho‚Ä¶"
0,"RT @RPInews: ""...the contamination of the food chain with plastic and associated contaminants puts fish and shellfish stocks, and their pre‚Ä¶"
0,RT @RPIcbis: RPI students at @IcahnMountSinai Health Hackathon! https://t.co/Sa1ctDcOG7
0,RT @RPIcbis: 22 @rpi students from 8 departments are heading to @IcahnMountSinai tomorrow for Hackathon!  @RPI_BME @RPI_Biology @RPI_CBE @R‚Ä¶
0,RT @RPI_HASS: What does @peternowak have to say about the ethical responsibilities and side effects of emerging technology? Read &amp; See the‚Ä¶
0,"RT @RPIPeterK: Who‚Äôs excited for #Rensselaer Family Weekend?!? We‚Äôre happy to welcome nearly 3,000 #RPI parents, families, &amp; siblings to ca‚Ä¶"
0,RT @RPIPeterK: Welcome to #Rensselaer Family Weekend 2019. Autumn in #TroyNY is truly a special time. See you soon! #RPI üéì #LetsGoRed ‚ù§Ô∏è #E‚Ä¶
0,"RT @RPIAlumni: #RPISpiritDay is only 10 days away!
-Grab your Rensselaer gear or memorabilia.
-Take a picture on your own or with a group.‚Ä¶"
0,"RT @RPIAlumni: #RPIRHC Event: Check out the ""Immersive Rensselaer Experience"" from 9 a.m-4:30 p.m. Enjoy an array of educational programs,‚Ä¶"
0,"RT @RPIAlumni: #DidYouKnow that the 43rd annual Big Red Freakout takes place on Saturday, February 1, 2020!?
Don't miss the Big Red Freakou‚Ä¶"
0,RT @MEngineeringMag: Bioengineers have developed a way to incorporate blood vessels into #3Dprinted living skin #3Dprinted #bioengineering‚Ä¶
0,"RT @LRCupdates: #RPI LRC professor and director of research Nadarajah Narendran has been elected Fellow of SPIE, the international society‚Ä¶"
0,"RT @JMalazita: I'll be on tomorrow's ""The WGY Weekend with Joe Gallagher"" to discuss @RPI's new @RPI_Games Critical Game Design Ph.D. progr‚Ä¶"
0,"RT @Invent_Tech: ""I hope more women will realize they have the power to change the world.‚Äù 

In the latest issue of @Invent_Tech,  the pres‚Ä¶"
0,"RT @FUND4LakeGeorge: The algae collection is a part of the #JeffersonProject at #LakeGeorge, a water-quality monitoring and mapping effort‚Ä¶"
0,RT @EshipRPI: @RPI 2019 Entrepreneur of the Year Celebration will celebrate three founders who recognized a business opportunity and weren'‚Ä¶
0,"RT @AutismLiveShow: Autism Live September 26, 2019  Autism Jargon, and interview with Nath Trevett, @nptrevett an Autism Advocate/musician‚Ä¶"
